Previous,Updated
Ateluridae,Nicoletiidae
Bolitophilidae,Bolitophilidae
Caliscelidae,Caliscelidae
Callirhipidae,Callirhipidae
Calophyidae,Calophyidae
Camillidae,Camillidae
Canacidae,Canacidae
Canthyloscelidae,Canthyloscelidae
Carsidaridae,Carsidaridae
Cecidosidae,Cecidosidae
Celyphidae,Celyphidae
Cerococcidae,Cerococcidae
Cerophytidae,Cerophytidae
Chamaemyiidae,Chamaemyiidae
Chelonariidae,Chelonariidae
Chimaeropsyllidae,Chimaeropsyllidae
Cooloolidae,Cooloolidae
Copromorphidae,Copromorphidae
Corethrellidae,Corethrellidae
Cryptochetidae,Cryptochetidae
Curtonotidae,Curtonotidae
Cylindrotomidae,Cylindrotomidae
Cymidae,Cymidae
Cypselosomatidae,Cypselosomatidae
Dericorythidae,Dericorythidae
Dryinidae,Dryinidae
Dryophthoridae,Dryophthoridae
Elenchidae,Elenchidae
Embiidae,Embiidae
Enderleinellidae,Enderleinellidae
Epermeniidae,Epermeniidae
Ephemerythidae,Ephemerythidae
Eupterotidae,Eupterotidae
Galacticidae,Galacticidae
Galinthiadidae,Galinthiadidae
Heleomyzidae,Heleomyzidae
Heliodinidae,Heliodinidae
Diastatidae,Diastatidae
Heteroceridae,Heteroceridae
Heterogastridae,Heterogastridae
Heteromyzidae,Heleomyzidae
Inbiomyiidae,Inbiomyiidae
Ironomyiidae,Ironomyiidae
Keroplatidae,Keroplatidae
Kerriidae,Kerriidae
Labiduridae,Labiduridae
Lepidopsocidae,Lepidopsocidae
Leptopodidae,Leptopodidae
Leucospidae,Leucospidae
Lithidiidae,Lithidiidae
Liviidae,Liviidae
Lophocoronidae,Lophocoronidae
Machadorythidae,Machadorythidae
Megamerinidae,Megamerinidae
Merothripidae,Merothripidae
Micronectidae,Micronectidae
Millieridae,Millieridae
Morabidae,Morabidae
Mormotomyiidae,Mormotomyiidae
Mycteridae,Mycteridae
Myrmecophilidae,Myrmecophilidae
Myrmecolacidae,Myrmecolacidae
Neminidae,Neminidae
Neriidae,Neriidae
Ninidae,Ninidae
Pediculidae,Pediculidae
Phalacridae,Phalacridae
Phalangopsidae,Phalangopsidae
Platystomatidae,Platystomatidae
Pleidae,Pleidae
Prisopodidae,Prisopodidae
Proctotrupidae,Proctotrupidae
Prostomidae,Prostomidae
Ptilodactylidae,Ptilodactylidae
Ptiloneuridae,Ptiloneuridae
Rhipiceridae,Rhipiceridae
Ropalomeridae,Ropalomeridae
Schreckensteiniidae,Schreckensteiniidae
Scraptiidae,Scraptiidae
Serritermitidae,Serritermitidae
Signiphoridae,Signiphoridae
Stolotermitidae,Stolotermitidae
Syringogastridae,Syringogastridae
Tanaoceridae,Tanaoceridae
Tanypezidae,Tanypezidae
Termitidae,Termitidae
Trigonidiidae,Trigonidiidae
Tungidae,Hectopsyllidae
Vermipsyllidae,Vermipsyllidae
Acanthocnemidae,Acanthocnemidae
Embolemidae,Embolemidae
Geocoridae,Geocoridae
